id,name,price,image url
6806736109770,Collectible Pin,$8,https://cdn.shopify.com/s/files/1/0156/6146/files/CollectiblePinGSOnyxGreyI2C9V_GB7N_0280.jpg?v=1785244246
6453246788,eGift Card,$10,https://cdn.shopify.com/s/files/1/0156/6146/files/Gift_001_Rescale1.png?v=1787226157
6806931112138,No Show Socks 3pk,$12,https://cdn.shopify.com/s/files/1/0156/6146/files/I2A2Y_BBBB_1.jpg?v=1778769398
6806918922442,No Show Socks 3pk,$12,https://cdn.shopify.com/s/files/1/0156/6146/files/I2A2Y_WBBM_1.jpg?v=1778768411
6806912991434,14oz Shaker Bottle,$12,https://cdn.shopify.com/s/files/1/0156/6146/files/I1A3A_BBBB_1.jpg?v=1778765407
6806069641418,Trainer Socks 3pk,$12,https://cdn.shopify.com/s/files/1/0156/6146/files/images-TrainerSock3pkGSWhiteI1C4K_WB57.jpg?v=1773654081
6806068166858,Trainer Socks 3pk,$12,https://cdn.shopify.com/s/files/1/0156/6146/files/images-TrainerSock3pk_GSBlackI1C4K_BB2J.jpg?v=1773654158
6806920954058,Premium Sharkhead Crew Single,$14,https://cdn.shopify.com/s/files/1/0156/6146/files/I2A5M_WBBM_1.jpg?v=1778762885
6806904471754,Premium Sharkhead Crew Single,$14,https://cdn.shopify.com/s/files/1/0156/6146/files/PremiumSharkheadCrewSockGSBlackI2A5M_BB2J_0190.jpg?v=1786390589
6806877110474,1L Water Bottle,$14,https://cdn.shopify.com/s/files/1/0156/6146/files/images-1LWaterBottleBlackI2A6T_BBBB_0001_V2.jpg?v=1763562900
6806865477834,Shaker Bottle,$14,https://cdn.shopify.com/s/files/1/0156/6146/files/I1A4T_BBBB_1.jpg?v=1778770875
6806632235210,Double Cuffed Socks Single,$14,https://cdn.shopify.com/s/files/1/0156/6146/files/images-DoubleCuffSockGSSoftWhiteI2C7E_WCMY_0007_V1.jpg?v=1777383285
6806916989130,Ribbed Tank 1PK,$16,https://cdn.shopify.com/s/files/1/0156/6146/files/RibbedTank1PKGSEspressoBrownA5A8H_NDJ1_0629.jpg?v=1784661041
6806870655178,Midi Socks 3pk,$16,https://cdn.shopify.com/s/files/1/0156/6146/files/MidiSocks3pkGSHazePink_GSPacePurple_GSStrengthPinkI2C5E_KDQS_0000.jpg?v=1787220865
6806670835914,Gymshark x CBUM Socks,$16,https://cdn.shopify.com/s/files/1/0156/6146/files/images-GymsharkxCBUMSockGSBlackI2C7R_BB2J_0181_V1.jpg?v=1773930043
6806639050954,Gymshark x CBUM Socks,$16,https://cdn.shopify.com/s/files/1/0156/6146/files/images-GymsharkxCBUMSockGSWhiteI2C7R_WB57_0171_V1.jpg?v=1777538082
6806570303690,Midi Socks 3pk,$16,https://cdn.shopify.com/s/files/1/0156/6146/files/images-RedevelopedMidiSocks3pkGSWhiteI2C5E_WB57_0137_V2.jpg?v=1770920562
6806555885770,Crew Socks 3pk,$16,https://cdn.shopify.com/s/files/1/0156/6146/files/images-RedevelopedCrewSocks3pkGSWhiteI2C5C_WB57_0154_V2.jpg?v=1770920263
